sku_id,order_quantity,Predicted_Quantity
2060AA,7.0,12.36947805154186
2173CA,3.0,3.6663805939819327
1678CA,50.940113034,41.9287717822173
2066AA,4.0,6.0469889933218335
2117BA,69.64791192,48.11860761861973
1921AA,2.0,21.791965228470893
1906CA,8.0,3.7203006079044525
2752AA,205.0,130.0072509678654
2977BA,24.0,21.948285589365955
1315BA,35.150363947,44.49852809325736
1317CA,8.0,9.418651317341919
2200CA,8.0,81.50129085244694
3053AA,8.0,39.95648756324583
3038BA,14.209396551,8.871454533746089
2867AA,149.0,160.9865387692871
1295CA,2.4970750500000003,6.006407651534359
2988AA,1.0,3.6663805939819327
1445BA,7.0,16.713895145913547
1511CA,179.0,176.00787357201753
3533CA,17594.0,14057.327990651987
1681CA,250.226996732,224.60554157775135
1214CA,16.0,26.72885539828224
2977BA,33.0,22.54100151457198
2528CA,10356.96586692,9133.887335260475
2513CA,13.0,9.366398938963068
2391CA,131384.10503500002,117934.94186555281
1009AA,150.0,178.69484890955403
2449CA,39.730965434,30.451432630878788
1695CA,1.0,3.6663805939819327
2785BA,1422.0,1236.125037439373
2564BA,252.0,224.88259786269438
1819AA,34.1540071,39.64100488117341
3180BA,64.620862734,96.48714457824228
1373BA,34.810448484,43.320639783783115
1681CA,198.348318665,138.19463334643166
1130AA,389.0,421.442516869889
1908AA,6.0,3.6663805939819327
3205AA,1.907061165,3.6663805939819327
1688CA,35.469168161,41.9287717822173
3177CA,1815.05,1650.4821606551302
3075AA,3.0,10.669965552403777
2923CA,27.0,42.49731540682344
2727CA,1191.0,951.1741874033104
1161AA,26.0,277.99893168616245
1479CA,71.0,44.56910173389546
2173CA,388.0,296.71164725749213
2315BA,285.0,158.7969821964976
1163CA,32.0,246.55827867923108
1745BA,22.695129126999998,18.862819071169245
3448CA,627.0,540.0688652584761
1373BA,62.12023506,43.62872885168063
2565CA,1257.83321204,1188.252514661191
3358BA,2.0,4.676885619628754
1956CA,4.0,4.676885619628754
2473CA,103331.191441,72979.19501664859
1499AA,832.0,1070.3308604736974
2212AA,5.0,14.633268709532226
2508BA,1.0,3.6663805939819327
2096BA,2.0,8.498181172888158
2041CA,20.0,15.90108459533857
1993AA,3140.0,2723.612606307778
2640BA,144.0,123.14856779653122
3533CA,7113.0,10380.136165972583
1953AA,4.0,3.6663805939819327
1956AA,1.0,3.6663805939819327
2021CA,22.0,41.88184876900943
2025AA,20.0,21.854715378773825
1296CA,41.766035869,42.98664041516209
1967BA,2545.0,2165.3600999136843
3576BA,55.0,43.62872885168063
2498CA,2.0,8.431393542435751
3239AA,18.818848728,66.9895311948003
3025CA,5.0,4.676885619628754
2096AA,29.394912267,38.184394946294645
1995AA,1110.0,891.8375055386288
3448CA,176.0,124.63290915506806
3404CA,67.0,44.270704409680896
2752AA,48.0,103.26823719352966
2371CA,10386.42078,16103.459178484378
2528CA,7635.5833933,4270.972746377957
1403CA,2.333641086,3.6663805939819327
1582CA,14.246331987,10.24362959971174
2139BA,2.0,3.7203006079044525
2371CA,36087.229173,74569.55178176243
3619CA,26658.0,23100.953731391117
2337CA,3616.0,2457.4005421029833
1906CA,1.0,8.758071187078594
1130AA,13496.0,8580.729493481214
3193AA,20.0,16.20504141315135
2337CA,1932.0,1529.2244167374354
3420AA,2.0,3.75959690779684
2229AA,17.0,10.0715503024466
1956AA,1.0,3.6663805939819327
2066AA,3.0,3.6663805939819327
2994CA,1.0,3.6663805939819327
2236CA,11.0,4.320261011820552
2539AA,44.805613234,43.13462544968475
1811CA,67.162139633,63.091001596366034
1326AA,3.74898086,19.70579574841224
1083AA,5211.0,3018.4578073974185
1283CA,6.310707721999999,8.431393542435751
2632AA,40.0,294.6483454869496
1902BA,36.154598156,47.039654581531835
2429BA,12780.0,9205.037064538496
1586CA,4.0,6.006407651534359
2293AA,334.0,329.85097383428183
3006CA,9.31172181,15.159575067085695
1811CA,9.221010823,10.24362959971174
2876CA,6.0,11.818087687858936
2291AA,5349.0,6130.214065289937
1373BA,46.886155897,41.140325737827204
2564BA,61.0,163.9098551698549
3178CA,11.893778252,9.895256162022397
1464AA,12.0,8.94747997588582
1956CA,16.0,8.672147342153597
2342CA,30.0,12018.927565339744
2391CA,174888.764164,117128.66731248058
1281BA,6.124562219,4.422662119768752
1479CA,52.0,65.92700225892825
2115CA,3.0,3.892840392516451
3027CA,3.0,3.6663805939819327
2013AA,4006.5,3136.591304977976
1497CA,1598.5,1477.1253880803242
2988AA,3.0,4.422662119768752
1484BA,3.0,3.6663805939819327
1499CA,14.0,15.1945410410306
1224AA,745.0,601.4706832861532
3551CA,1736.0,3519.886916289946
1584BA,4.519035832,4.422662119768752
1464AA,6.0,3.7203006079044525
3007CA,2.39506899,3.7203006079044525
1586CA,120.0,43.62872885168063
3075AA,3.0,16.33138932871042
3006CA,32.702004135,37.59509453313092
1967BA,1605.0,1604.9205627354452
3551CA,915.0,1472.8468172529922
1161AA,58.0,322.2572496936649
1116CA,9156.0,6400.827275648306
2539AA,51.896056359,63.370741055890456
2229AA,7.0,8.71748984529112
1224AA,40.0,119.42013807673129
2078CA,5.0,3.7203006079044525
1584BA,3.081506084,14.932613804762338
1330CA,2.0,3.6663805939819327
1766CA,7.1807691590000005,40.816013963827
1308BA,17.18224584,38.288324808771016
2473CA,23744.2707197,87622.52521333702
1907AA,4.0,6.006407651534359
1745BA,44.217824366,31.503014821854798
2847BA,1.0,217.2376798116776
1163CA,94.0,50.71408746844753
2265BA,3.0,18.024687525695374
2220BA,2.0,3.6663805939819327
1374CA,39.698615153000006,43.80254405825343
1321BA,52.445901025,43.82119011141858
2234AA,1.0,51.90791894432655
3016BA,1.529076655,3.6663805939819327
2621AA,325.0,246.9442087579903
2988AA,3.0,3.6663805939819327
1464AA,2.0,4.676885619628754
2096AA,42.507796489,39.796104491893196
3053AA,143.0,109.24715180001087
3027CA,1.0,3.6663805939819327
2041CA,56.2,41.76746713145771
2365AA,12.74202424,16.33138932871042
2371CA,11964.79504,12755.725782427295
1206BA,722.290765835,425.9790299318878
2212AA,37.0,40.6752340395887
2458CA,9204.3058481,8771.038794681222
2342CA,63.0,82.56324578973785
3271CA,16.306495689000002,14.177746620298965
2189CA,19.0,10.295385826049504
3205AA,2.518906707,4.0788584095070215
1321BA,24.91237351,41.93595146466727
2236CA,1.0,3.6663805939819327
3003AA,6.0,3.6663805939819327
1206BA,171.99589441,224.95950855821076
3461CA,99.0,107.51277036967979
3378CA,900.0,643.9834286782663
2317CA,200.0,258.87355185851334
2315BA,772.0,931.0165252573584
3271CA,11.324153744,15.023121760220068
1827AA,50.216702712,40.25340239086242
2096AA,65.352946234,43.47984765991744
2606AA,37.0,17.184750966445105
2458CA,9614.03584424,6738.969530714867
1993AA,452.5,522.7609568726685
1367CA,2.957745512,3.6663805939819327
1366BA,2.0,3.6663805939819327
1971AA,760.0,699.2885758635862
3502BA,113.0,43.62872885168063
1953AA,2.0,3.6663805939819327
1445BA,9.0,41.387131138227915
1811CA,42.422240203,41.9287717822173
3423CA,10.0,8.94747997588582
3143CA,2.0,151.608673340439
1819AA,17.156193686,40.85676535305161
2935BA,74.8,73.61781569990654
2220BA,3.0,8.471974884223226
2925CA,10.0,22.713128609009495
1436BA,2.0,3.6663805939819327
3358BA,3.0,3.7203006079044525
2348BA,2.0,3.6663805939819327
2840AA,2453.0,1956.2237776797235
1296CA,24.556503147999997,42.918312733461065
3098AA,10.34200736,10.237799367451691
2814BA,250.0,224.87218847500787
3053AA,571.0,474.8912877287613
2236CA,6.0,9.346663355351666
1857AA,39.784560831,43.47984765991744
2528CA,229.603191,585.7026528288861
1193BA,13.0,88.40836395476214
3193AA,21.0,134.51280315114943
3271CA,2.282701589,3.6663805939819327
1497CA,219.0,259.67608272397445
3423CA,2.0,3.6663805939819327
2640BA,42.0,24.971191916732124
1712AA,54.388217929,41.781137531931826
2255CA,36.0,16.855722499974554
1193BA,743.0,1457.3106762574089
2342CA,209.0,617.0251034935233
3413AA,27.0,77.04063696565693
2498CA,1.0,3.892840392516451
1908AA,2.0,3.6663805939819327
1971AA,236.0,283.4340058790562
1601AA,4.0,16.14229126284842
1077CA,53400.0,29134.63964816817
1083AA,6470.0,5606.616102079658
1145BA,236.0,744.5325072422795
1650AA,7.0,8.880692345433413
3084CA,4.0,3.6663805939819327
2785BA,739.0,372.2416278494673
1688CA,87.402657934,67.6363013349755
1953AA,11.0,8.498181172888158
2953CA,23.0,10.310417230164147
1499CA,31.0,21.94825482423195
2606AA,13.0,8.538762514675632
2054AA,5.0,8.880692345433413
3239AA,47.822811124,76.55899348776207
2785BA,545.0,471.60852056490216
3448CA,275.0,232.18421447030033
2227AA,10.0,19.85771628452383
1906CA,7.0,4.320261011820552
3610AA,6.0,9.294410976972815
2953CA,2.0,3.7203006079044525
2223AA,2.0,3.75959690779684
2236CA,4.0,16.713895145913547
3570CA,1.0,8.880692345433413
1953AA,2.0,3.6663805939819327
3576BA,237.0,148.70330215891946
2391CA,205980.374986,172885.77148183744
1499AA,222.0,558.6138265862694
2488CA,22.0,16.6366087876144
2923CA,95.0,113.6885012129257
3365CA,2.0,16.6366087876144
2515BA,1271.0,791.7372993129449
1077CA,19592.0,19461.05699075607
1586CA,12.0,9.346663355351666
3495CA,87.0,225.95786419458545
3533CA,16395.0,13273.321571502542
2515BA,391.0,405.65772614486855
2803BA,99.0,371.15440895962996
1995AA,275.0,167.68663589404582
2220BA,12.0,9.485438947794325
3160BA,13.0,22.538472531663533
2326CA,391.0,500.73070596244435
1283CA,7.110870599,3.7203006079044525
2766AA,292.0,216.01514568467957
1317CA,2.0,3.6663805939819327
1695CA,12.0,8.471974884223226
1907AA,1.0,3.6663805939819327
1214CA,95.0,68.85041908112439
1266CA,1.0,3.6663805939819327
1698CA,35.495527935,42.784261088168456
3495CA,226.0,278.95166546139586
3590BA,58.0,39.53807264665749
1479CA,23.0,36.371970907926176
1499AA,3889.106,3406.010022841705
1116CA,10800.0,9408.516184554906
2139BA,1.0,84.66492029556287
2484BA,188.0,299.594692170191
2021CA,15.0,220.75689148819774
1956CA,12.0,8.871454533746089
2053BA,14.0,17.00697462223625
1486CA,39.0,21.57574838174199
2331CA,1091.0,1226.4688392924345
3205AA,11.540906406,10.174327559592044
2223AA,5.0,3.75959690779684
2013AA,1294.5,2086.942348165866
3358BA,27.0,16.330381342887723
2923CA,2.0,8.830873191958615
1116CA,8735.0,17139.89292931596
3178CA,4.97493494,3.6663805939819327
2729AA,183.0,157.62208606183864
2814BA,464.0,544.6529556313518
2501CA,1919.0,1562.0729382634447
2513CA,9.0,9.041238900164343
1582CA,10.146403397,14.592687367744754
2227AA,13.0,16.539549353319657
2021CA,16.0,217.19898059397192
1584BA,10.297434413,8.471974884223226
3132BA,2.0,3.6663805939819327
1908AA,3.0,3.6663805939819327
1330CA,2.0,3.6663805939819327
1244AA,22442.7938602,20338.683278218785
2729AA,186.0,136.38918176906543
1468AA,16.033410726,10.669965552403777
3512AA,1500.0,1239.6365974012447
3084CA,12.0,8.471974884223226
2096BA,4.0,9.366398938963068
1283CA,3.893942587,3.7203006079044525
1681CA,204.379913613,140.49397858436137
3576BA,6.0,16.24166349529521
1601AA,4.0,3.75959690779684
3378CA,1300.0,921.0658705904237
1009AA,447.0,1070.1436761555567
1571AA,29.06627146,29.84834503493461
2365AA,44.04661852,59.619673046649595
3590BA,22.0,34.06678999827535
1882CA,1.0,3.6663805939819327
1672AA,64.691427303,50.013515603356055
1601AA,14.0,15.434511010884803
2632AA,550.0,447.0601997548072
1630BA,9.0,10.603177921951369
1767CA,19.444323992,42.94527944324436
3461CA,163.0,111.2075245711846
1678CA,16.022541554,41.20008581909224
2867AA,42.0,98.75598304502181
1601AA,7.0,6.0469889933218335
3027CA,3.0,3.6663805939819327
2054CA,10.0,14.633268709532226
3178CA,13.78579065,11.603308040806334
2714CA,3421.0,3404.279272515979
3590BA,10.0,9.366398938963068
2661CA,685.0,502.9297197792307
1196AA,8.251815487,22.538472531663533
2956AA,32.0,179.26602295364862
2714CA,6832.0,5431.990096185844
2223AA,4.0,3.892840392516451
2078CA,1.0,3.6663805939819327
1295CA,6.2774731500000005,3.7203006079044525
3264CA,78.52542182100001,104.67450716233458
2935BA,15.0,22.822735939886893
1698CA,32.512016154,42.98664041516209
3125AA,8.0,16.24166349529521
1712AA,29.533187733000002,38.97085843635164
2236CA,1.0,16.6366087876144
3576BA,23.0,22.074219830662543
2041CA,6.0,3.7203006079044525
1464AA,15.0,8.871454533746089
3098AA,92.268268448,65.23511859846325
1956AA,5.0,3.7203006079044525
1497CA,866.0,1066.1020186861751
3358BA,13.0,9.032001088477019
3075AA,1.0,3.6663805939819327
3075AA,31.0,17.28017086112854
1116CA,39419.0,33954.75911364792
2977BA,4.0,14.633268709532226
2342CA,595.0,417.36884158499095
3193AA,7.0,8.880692345433413
2501CA,425.0,575.0925563660553
3249CA,85.155463933,69.56678374398707
1902BA,37.843372714,48.03289248471593
2337CA,615.0,580.0401919333582
1857AA,13.650347084,16.855722499974554
1244AA,19169.2209822,24389.616678387065
2632AA,84.0,155.34824263990208
2326CA,763.0,617.1247923057174
1434BA,35.081149379,26.61165320183799
2621AA,2.0,6.0469889933218335
1161AA,1667.0,1387.5835384885954
1767CA,24.365141047,16.18098929511115
3053AA,55.0,27.94735673202082
3413AA,260.0,178.94228755928177
2449CA,8.306941102,16.42010717630293
2317CA,918.0,1741.5580539382554
1993AA,6851.0,6042.653838438697
3016BA,11.341162731,8.555562937835765
2673BA,220.0,522.5693812546851
2115CA,14.0,8.672147342153597
2291AA,1789.0,1631.2114785845436
2785BA,311.0,865.2566247063519
3619CA,948.0,1700.1471689181524
1488CA,39.03520486,41.438661298471
1830AA,25.747134097,43.320639783783115
3053AA,190.9,136.2951390312559
1630BA,8.0,6.0469889933218335
1317CA,4.0,3.7203006079044525
2763CA,2780.0,1722.3120249212727
1712AA,38.122953969,43.28777705226825
1650AA,7.0,21.94825482423195
2548CA,57.469250273,43.47984765991744
1308BA,37.168603749,41.27254552861516
1908AA,2.0,3.7203006079044525
1163CA,501.0,506.12280583133645
3494AA,550.0,658.1626485582569
1193BA,210.0,647.9106198959357
2212AA,12.0,13.506253316022589
1990AA,279.0,162.46621838351828
3495CA,85.0,48.26769100228552
2640BA,31.0,220.97608063578448
1255CA,2.0,3.75959690779684
3404CA,60.0,80.90186611908001
1468AA,77.045125266,47.98758301743551
1971AA,195.0,360.29647748863454
2331CA,1316.0,1116.838636311446
2139BA,1.0,3.6663805939819327
1464AA,6.0,3.7203006079044525
3205AA,8.993658005,4.570129064950594
3461CA,213.0,104.2335169259499
1330CA,1.0,3.6663805939819327
3556AA,18.0,16.713895145913547
2923CA,202.0,127.59282167923533
3178CA,14.245301754,9.418651317341919
2953CA,3.0,4.320261011820552
3038BA,2.442999016,8.431393542435751
1971AA,20.0,266.02674365128416
1193BA,131.0,183.14980346813866
3178CA,9.354078622,8.677911884559943
3193AA,12.0,15.76797204731151
1009AA,672.0,1041.7957946273552
2938CA,22.0,17.73014297159297
1163CA,510.0,532.895288523125
2189CA,48.0,24.52395716568701
3264CA,71.232874076,68.26688308588507
1083AA,15854.0,13073.129139387414
1908AA,1.0,3.6663805939819327
1488CA,19.995118342,16.330381342887723
1130AA,1407.0,1221.1327874494755
3143CA,7.0,17.081762320922206
1283CA,6.389548463,4.422662119768752
1712AA,74.740852925,43.62872885168063
3239AA,121.552619136,115.5483489937783
1681CA,5.0,8.871454533746089
1741BA,24.838789325999997,14.752968093161256
3126BA,48.440526184,49.37449055920356
2054AA,131.0,45.867910893718005
1308BA,15.5378004,22.51543245872986
1798AA,2.095875274,3.7203006079044525
2173CA,37.0,18.31391556454411
1373BA,53.076014615,43.26959121724457
3413AA,225.0,165.48467885527464
1295CA,1.726494708,3.6663805939819327
3249CA,17.947641857,22.51543245872986
1819AA,25.083169246999997,30.112748395892286
3502BA,4.0,43.234722457976716
2766AA,256.0,229.42879909810364
1379CA,59.0,41.2892069295904
1244AA,35938.398498480004,25983.542374658842
3461CA,26.0,109.87882814715789
1077CA,34293.0,27747.844897916842
1630BA,5.0,8.71748984529112
3138CA,13.0,8.498181172888158
1876AA,10.064338949,8.784277475743526
3075BA,116.51238224,118.30558943053273
1497CA,836.0,707.9131523697939
1798AA,12.750462295,16.24166349529521
1876AA,1.629379643,3.6663805939819327
3462AA,300.0,287.8332012050951
1385CA,24.0,15.845714206750088
2803BA,643.0,412.3773267176958
2487BA,16.0,59.96246634466667
1488CA,35.222035038,45.57821368960299
1145BA,310.0,246.7041845915406
2930CA,47.0,18.302989517307267
1283CA,2.0,3.6663805939819327
2025AA,110.0,70.32694892037594
1163CA,111.0,305.9099775588045
1403CA,15.275851186,15.381549934026745
2227AA,9.0,15.210675389250719
1811CA,84.459999757,58.77858842964727
2847BA,1842.0,1528.8658220585658
3079BA,514.0,533.2108531054374
1317BA,42.942661569,41.781137531931826
1947CA,52.568696478,31.302543899974754
2220BA,2.0,3.7203006079044525
3025CA,11.0,3.7203006079044525
2267CA,7.642477502,15.952435456446471
1499CA,9.0,21.00057777506419
2508BA,3.0,3.6663805939819327
1902BA,37.434815502,43.27745036789712
1367CA,3.870850103,3.843113440337699
1308BA,46.833963142,43.104487319378684
3006CA,59.994338094,60.59725971160668
3160BA,115.0,68.81205654382804
2236CA,55.0,18.786147215162444
1826AA,17.919313069,22.84875021070419
1145BA,139.0,233.47868102215503
2212CA,8.0,8.830873191958615
3610AA,100.0,43.436658244031435
1906CA,9.0,3.7203006079044525
2326CA,1414.0,1080.7438166913341
3413AA,65.0,111.92912103405224
1995AA,300.0,353.7421063462414
2348BA,1.0,3.6663805939819327
1214CA,160.0,79.88671534002569
1584BA,18.561727062,9.35307617903711
2604CA,26.0,40.267893368110144
2632AA,20.0,77.38566782807852
3610AA,90.0,40.60376249215683
2013AA,20.0,175.28738279187345
1420CA,91.073809963,55.48529233150467
2041CA,2.0,14.592687367744754
3407CA,6.0,12.36947805154186
1801AA,46.08836661,53.23151720215963
2501CA,650.0,579.8184276021682
1434BA,47.265468995,59.97678228959572
3399AA,7.0,24.208766747560375
2515BA,67.0,138.79182302511938
2143AA,21.462554492000002,29.64975236918634
2600BA,23.0,69.16660023112532
3126BA,36.372004828,40.31254825964636
2189CA,23.0,12.410059393329334
3420AA,14.0,9.485438947794325
3502BA,106.0,50.86296866021072
2484BA,190.5,168.81481043235476
2265BA,4.0,6.006407651534359
3619CA,8296.0,13138.56799328567
3512AA,22792.0,20834.54246347486
2391CA,176688.086309,175777.5248715037
1499AA,2077.0,1667.84498178286
1764AA,44.625256656,26.70519264729611
2814BA,878.0,629.3597036787206
2767AA,3.0,82.33023728101836
1281BA,5.856706345,3.75959690779684
1379CA,173.0,129.8779608142816
3016BA,11.826789808,3.7203006079044525
2548CA,8.855974438,4.890267145867975
2391CA,94113.081675,90832.04060647085
2317CA,7358.0,4982.445208863961
1830AA,28.694152578,16.24166349529521
3053AA,73.0,100.89067902497123
1193BA,2021.0,1881.181742179967
1511CA,27.0,40.85737493574472
1827AA,38.43508577,43.44916258601458
1745BA,25.784710002,19.983650525820416
3556AA,4.0,21.52418766844159
1077CA,14154.0,11685.792567420336
2212AA,36.0,30.451432630878788
1214CA,20.0,43.234722457976716
1326AA,46.722581407999996,43.4695209755463
2115CA,11.0,9.041238900164343
1764AA,34.730598631,18.093437845267797
2115CA,71.0,24.37724230303399
3345AA,43.0,62.1825380968462
3016BA,2.776023486,3.6663805939819327
2418CA,77548.2679873,100158.47970193345
1956CA,4.0,4.422662119768752
2513CA,1.0,3.6663805939819327
1584BA,14.161113972,11.461185219558534
1979AA,82.0,48.08184095319874
2039CA,21.0,15.210675389250719
1902BA,32.827072541,37.79022423993395
1379CA,31.0,103.025424267322
1511CA,45.0,69.74296079423799
1255CA,6.0,3.7203006079044525
1077CA,12826.0,13886.929236064745
1672AA,18.443606018,22.231169050506505
3160BA,43.0,48.85898368095257
1695CA,12.0,15.28325888862311
3079BA,1927.0,1476.8604131065583
1479CA,101.0,71.75060051362277
2994CA,4.0,3.6663805939819327
1009AA,5002.0,3252.4996883577287
1857AA,32.83618498,40.102789470244254
2662CA,56.0,24.477607488488456
2317CA,3334.0,4521.198928512451
1624CA,66.0,41.48280197128805
1161AA,258.0,182.7636516260367
1688CA,9.099893925,26.43755320772475
1321BA,46.515499344,36.03056964535395
2606AA,20.0,12.582138690594475
2763CA,805.0,709.8291216899408
3177CA,472.5,455.7848907644741
3178CA,7.945166616,12.306727901238933
3249CA,104.721850569,107.65757908452602
2501CA,3181.0,3760.9405022006526
1367CA,9.404699498,8.471974884223226
1116CA,8038.0,5922.204656313644
3407CA,19.0,22.415067273275394
2785BA,134.0,92.35708944786873
1992AA,617.0,518.1375585703025
2729AA,245.0,356.3808775901218
2564BA,96.0,68.20206739802197
3579CA,25.0,23.939364978199084
3006CA,49.160893459,43.104487319378684
3407CA,38.0,23.322111195924766
3003AA,2.0,3.6663805939819327
3610AA,20.0,41.65264319752052
2935BA,20.0,42.82743253902776
1584BA,3.532773905,3.7203006079044525
1317CA,2.0,3.7203006079044525
3132BA,1.0,3.6663805939819327
1484BA,1.0,107.00882132515561
2236CA,51.0,18.024687525695374
1499CA,31.0,22.538472531663533
2143AA,17.892526172,43.234722457976716
2293AA,370.0,332.31730456130504
2508BA,6.0,3.7203006079044525
1745BA,1.927834397,3.7203006079044525
3098AA,38.166236558,41.45696938197546
2336BA,360.00160924,1022.8028691514945
1315BA,43.682758184,41.48280197128805
2956AA,63.0,104.06244033777725
2508BA,3.0,3.7203006079044525
2714CA,3657.0,2597.600071621738
2060AA,17.0,16.262077360290014
1745BA,12.098609525,16.6366087876144
2515BA,939.0,670.3700790198969
1255CA,1.0,3.6663805939819327
3365CA,2.0,39.671064383555205
1214CA,366.0,199.6971351725557
2673BA,3800.0,3570.6296310162825
2025AA,98.0,98.58881717088694
2766AA,8.0,196.1734956258033
2727CA,23.0,715.8862516978458
2013AA,1007.0,766.2327481643732
3250CA,100.0,359.42542478197305
2096AA,0.783227592,8.431393542435751
3098AA,44.929735704,18.31391556454411
1582CA,12.000527063,8.921273687220888
1990AA,78.0,178.26718202129598
2396CA,2550.0,6230.014837193279
3075BA,144.257899291,121.11491304576319
3044AA,2.0,9.346663355351666
1234BA,460.0,407.52128341692
1582CA,1.691410197,14.030478676210077
1956AA,2.0,3.6663805939819327
2041CA,26.0,24.971191916732124
1745BA,26.807747151,25.20407319426339
1584BA,1.228873206,3.6663805939819327
2418CA,61972.566443,73619.41877431738
3556AA,8.0,36.75192439400871
1326AA,47.610853063,43.4695209755463
2422BA,3705.635334,2843.151739998571
2331CA,2337.0,2250.5975563458314
3007CA,6.224998781,4.422662119768752
3616CA,8.0,83.32591296764564
2646AA,84.0,43.101007502276644
2365AA,21.250323847,39.984942566027655
3407CA,26.0,24.392030485622243
1695CA,4.0,8.431393542435751
3075BA,69.203737304,59.25813138157462
3404CA,336.0,249.22279280973535
1126CA,12296.0,14617.05199469874
3551CA,3428.0,2646.266459093524
2714CA,164.0,366.9392366912333
3160BA,71.0,46.27464187095587
2025AA,30.0,55.681755675037195
2021CA,17.0,30.313725679396512
2317CA,6475.0,5439.728078678385
3132BA,3.0,3.6663805939819327
1281BA,3.929535986,3.9318668052892196
2291AA,1778.0,2206.063832482367
2923CA,43.0,76.6394288437588
3007CA,24.788613541,16.202234476228174
2317CA,1685.0,2142.244074301141
3461CA,17.0,73.51034933678386
2291AA,3576.0,2183.5060563907864
1842BA,1.234605545,3.6663805939819327
2814BA,1940.0,1607.4376889164885
2200CA,20.0,26.26337883957899
1698CA,43.337156197,44.037342575823025
1945AA,42.0,16.797566927488727
3161BA,3.0,87.70572279523577
1851CA,16.37060833,8.94747997588582
1196AA,20.135100849,19.85771628452383
2473CA,42520.46481,57333.62507344693
1672AA,37.443559053,25.99998078565058
3533CA,79032.0,62888.705919798624
3576BA,47.0,44.616295914046006
3180BA,55.726285848,94.09149610610687
2229AA,3.0,24.376955607836408
3378CA,900.0,522.0207905073667
1479CA,16.0,8.94747997588582
2331CA,224.0,323.81260110107166
3461CA,60.0,63.665430174227694
2229CA,12.0,8.94747997588582
1367CA,16.853984217,8.538762514675632
2515BA,13617.0,10407.662344738135
3378CA,310.0,269.56086654579144
3420AA,4.0,8.830873191958615
2189CA,14.0,14.633268709532226
2458CA,14195.1068198,14962.523618967798
1317BA,63.937175683,47.98758301743551
2498BA,1.0,3.6663805939819327
3132BA,2.0,3.6663805939819327
2876CA,33.0,27.269857809403685
2501CA,14378.0,11955.99583106413
1464AA,16.0,41.113337652480844
2923CA,14.0,92.95256522360197
3193AA,34.0,18.522653848932574
2752AA,257.0,146.01736145437476
3358BA,6.0,4.676885619628754
1214CA,25.0,150.58855888015236
2317CA,10003.66,16298.851000224073
3006CA,36.555375706999996,41.78466159131935
2044CA,16.0,22.822735939886893
2418CA,53093.21675,37107.03698547891
3120BA,14.0,10.310417230164147
2212CA,13.0,10.227346630312589
1385CA,22.0,17.629491090940917
1464AA,6.0,9.306082013564192
3239AA,99.893765575,80.02740368789979
1964BA,85.0,517.703314289161
3084CA,1.0,3.6663805939819327
2767AA,63.0,247.88149353476925
1193BA,96.0,311.2209088865253
1266CA,1.0,3.6663805939819327
2752AA,67.0,165.1143507400315
1315BA,56.876472612,46.76902336981899
1234BA,59.0,292.18212561108226
2422BA,9199.8739542,9392.46969240555
2044CA,4.0,10.186765288525114
1712AA,61.490365092000005,65.57706177422803
2170BA,3.0,3.7203006079044525
1434BA,15.204392545000001,24.521127575175907
1479CA,58.0,23.582489485640465
2212AA,48.0,102.45984103014227
1379CA,17.0,26.55832578347526
2646AA,20.0,65.18160961784307
3084CA,7.0,4.676885619628754
2267CA,4.0,3.7203006079044525
1145BA,229.0,289.144151389445
2953BA,50.0,91.36049615783787
3570CA,39.0,37.59165699437647
3365CA,50.0,18.024687525695374
3264CA,86.116000323,103.0183030916678
1511CA,180.0,140.27895122499984
1741BA,22.862640324,17.987672048011312
1445BA,9.0,12.36947805154186
3084CA,9.0,8.94747997588582
1367CA,3.046038485,3.692499663738573
1308BA,32.770258941,30.313725679396512
2528CA,8224.3355919,5053.5100116221865
1499CA,12.0,15.1945410410306
2814BA,233.0,588.6586493559555
1366BA,1.0,3.6663805939819327
1967BA,6204.5,5082.834897635458
2930CA,46.0,42.095159340801594
2326CA,649.0,1948.4271046280594
3495CA,28.0,39.86947127712367
2539AA,26.381820928,11.289634859370013
3126BA,42.444671446,41.887441715090105
3025CA,2.0,3.7203006079044525
3512AA,400.0,6056.226589106501
1964BA,2825.5,3201.1347797117096
2847BA,271.0,288.0805107999457
1971AA,50.0,92.44759291979769
2498CA,1.0,3.6663805939819327
2117BA,293.152473796,332.2522485452611
3423CA,13.0,15.345793163292294
1650AA,15.0,16.713895145913547
1695CA,6.0,3.75959690779684
3160BA,25.0,43.08584126621353
1497CA,602.9,932.3301232197741
2498BA,2.0,4.422662119768752
1009AA,1470.0,1226.467064273402
3365CA,138.0,1267.440581023842
3407CA,11.0,17.73014297159297
1801AA,88.82874955300001,63.370741055890456
2803BA,512.0,411.9399367143827
1947CA,25.626392656,17.698444009162575
3038BA,7.447190845,8.471974884223226
2229AA,67.0,28.52307939093961
3053AA,93.0,249.6982983034313
2564BA,536.0,432.17371234316516
2265BA,5.0,3.7203006079044525
1479CA,8.0,36.41346265806899
1688CA,50.182935795,39.96234244859785
1374CA,6.035286062,15.952435456446471
1479CA,72.0,31.59396657754094
3556AA,12.0,15.701897443365606
1994AA,50.0,459.20791091405295
3125AA,7.0,15.210675389250719
1953AA,3.0,3.6663805939819327
3551CA,5144.0,4282.625071517811
2337CA,1542.0,1607.8655715844063
3494AA,50.0,109.14902482862503
1630BA,3.0,3.6663805939819327
1601AA,1.0,3.6663805939819327
1906CA,7.0,3.7203006079044525
2953BA,140.0,252.35479336153332
1745BA,24.252153977,20.207637171681114
1811CA,62.519460681,60.329787311336915
1326AA,46.872917185,43.28777705226825
1317BA,66.783428409,40.50805016615863
1830AA,66.124454785,45.369214870794025
3407CA,55.0,59.628401754092295
3239AA,79.750810366,104.03093375528688
2646AA,54.0,50.013515603356055
1851CA,7.333011161,9.306082013564192
1009AA,2352.0,1906.4194203127565
2513CA,5.0,3.6663805939819327
2223AA,151.0,70.61187036152532
1798AA,24.92378559,40.102789470244254
2513CA,3.0,3.6663805939819327
2054AA,52.0,18.522653848932574
2458CA,26471.90919305,23022.42597734203
1308BA,8.568622913,16.24166349529521
1367CA,3.618703772,3.7203006079044525
1499AA,703.0,762.2275674652238
1330CA,9.0,6.0469889933218335
2953CA,8.0,3.75959690779684
3407CA,50.0,110.72219919958862
1266CA,2.0,3.6663805939819327
1964BA,660.0,587.6685388102694
1077CA,17363.0,23543.223866320594
2632AA,355.0,314.411690017978
2876CA,5.0,8.471974884223226
1077CA,3512.0,5678.766892922323
2025AA,49.0,310.66274737653845
2930CA,4.0,8.60535971170119
2212AA,3.0,3.7203006079044525
3025CA,1.0,3.892840392516451
2548CA,57.018004181,41.27254552861516
2661CA,53.0,18.786147215162444
2847BA,1394.0,1252.50447878954
2935BA,31.0,26.230633574131375
2255CA,6.0,4.676885619628754
3132BA,2.0,3.6663805939819327
2096BA,9.0,8.880692345433413
1083AA,5143.0,7732.730225921103
2680BA,5.0,653.7551657513659
1947CA,29.238387613,40.91456784068133
1993AA,2935.0,2417.9022147254536
2785BA,697.0,576.0741340784626
2513CA,21.0,9.148607872404222
3413AA,35.0,16.42010717630293
1163CA,476.0,668.8826541103289
3512AA,525.0,6095.8719675876755
1990AA,390.0,270.55138006727185
1801AA,9.617325753,16.6366087876144
2565CA,468.802330764,601.545805864362
2139BA,2.0,3.7203006079044525
1145BA,1057.0,992.8913361770437
1819AA,15.952447149000001,9.418651317341919
2331CA,2524.0,2278.205268622532
2565CA,1259.56810376,1287.6796266463707
1445BA,15.0,22.670815403775308
3502BA,10.0,9.108026530616748
2021CA,11.0,22.40285092996884
3006CA,56.368357488,43.104487319378684
2564BA,404.0,432.13194469547665
1499AA,1736.0,1657.173153939138
1953AA,3.0,3.6663805939819327
2117BA,65.4254159,93.63501156462098
2315BA,98.0,109.94098320823993
2396CA,11287.0,22152.72026903647
3512AA,1638.0,6263.857583902224
2265BA,55.0,20.678663611029318
1436BA,34.0,14.658915052484849
2953CA,1.0,3.6663805939819327
1876AA,9.272890692,7.2422556955518305
2348BA,2.0,3.6663805939819327
3075BA,19.374388684,40.532955293916196
2212CA,9.0,8.871454533746089
2189CA,19.0,18.522653848932574
1826AA,22.309568631,43.08584126621353
2714CA,1864.0,1563.9917988502075
1468AA,27.809677747,30.76755456625533
2988AA,3.0,3.6663805939819327
3502BA,148.0,115.17473846509685
1745BA,3.001763492,3.843113440337699
2956AA,40.0,56.062848224974225
1857AA,51.708496834,42.095159340801594
3075BA,43.509305659,41.035991696626695
1283CA,5.737977194,5.424544243810709
1321BA,9.998966421,8.71748984529112
1464AA,23.0,10.643759263738845
2054CA,3.0,8.880692345433413
1970CA,305.0,381.3936473095894
1990AA,183.0,240.00164717439011
1206BA,411.95955988,491.12112436143843
1206BA,978.06649784,1056.6454820898064
2096BA,33.0,17.081762320922206
2025AA,24.0,50.11182025883764
3250CA,2312.0,2080.8422929774933
3413AA,79.0,78.23085837277347
2234AA,10.0,9.346663355351666
1325AA,15.614173581,42.75320883559517
1947CA,65.804728373,47.18943455371501
1464AA,4.0,4.320261011820552
3619CA,4191.0,17242.771845515614
2953CA,7.0,3.75959690779684
2840AA,3955.0,2521.31732137725
1193BA,1034.0,995.5682258810239
1374CA,45.933942512,56.76577609400159
2458CA,24264.6388966,25234.892518174125
2041CA,1189.0,931.1569555770807
2646AA,221.0,126.05446149475128
3025CA,4.0,3.7203006079044525
1486CA,5.0,22.415067273275394
1193BA,810.0,734.5549141479016
2143AA,12.480432642,29.3667886908582
1390BA,16.633153878,38.95099838908596
1281BA,3.454146797,3.7203006079044525
2473CA,92434.755658,77196.53877416179
1767CA,47.756893342,30.525843957551743
3448CA,80.0,43.47984765991744
2876CA,2.0,16.713895145913547
1582CA,1.185749823,3.6663805939819327
3177CA,270.0,331.6959785847855
2025AA,239.0,470.2667867600551
3264CA,36.380569084,62.64937437405588
3494AA,630.0,537.8071091230127
2348BA,2.0,3.6663805939819327
2803BA,126.0,280.5987420057393
1826AA,69.773500606,43.62872885168063
3160BA,32.0,38.22443693994085
1956CA,4.0,3.6663805939819327
1224AA,418.0,1241.5281857178834
2953BA,243.0,232.48103028414582
1582CA,9.751647605,15.800432714686517
1678CA,7.265761145,36.62693029491026
2142CA,110.0,76.13969129472366
1907AA,44.0,18.7088608568633
1441AA,1.0,3.7203006079044525
2060AA,5.0,3.892840392516451
3120BA,12.0,8.969250938174088
1317BA,16.840782632,41.387131138227915
2200CA,2.0,25.233615548672557
1842BA,5.566685124,8.431393542435751
3271CA,2.945182858,3.6663805939819327
1193BA,157.0,311.3994125930058
2876CA,8.0,8.471974884223226
2315BA,590.0,353.87519955214685
2265BA,11.0,8.538762514675632
3616CA,269.0,228.82161259614068
1764AA,28.500594366999998,22.865353345887147
3075AA,2.0,3.6663805939819327
1488CA,11.883802764,11.739397711378437
3193AA,12.0,8.94747997588582
3616CA,38.0,20.678663611029318
2767AA,299.0,170.02708006250876
2060AA,6.0,3.7203006079044525
1499AA,100.0,227.77292078268817
1956AA,6.0,92.59411405374283
3205AA,7.187118279,9.306082013564192
2515BA,101.0,141.21795674070907
1994AA,150.0,155.56170444798053
2396CA,5500.0,4024.390816175674
1947CA,35.433841633,43.11038334111024
1488CA,31.030202769,42.98664041516209
2498BA,1.0,3.6663805939819327
3619CA,5941.0,16869.541435507574
1317CA,20.0,16.24166349529521
3264CA,98.277206423,70.78414830986296
1214CA,869.0,386.6422896077002
2277AA,5487.0,5022.374199049611
1695CA,4.0,3.892840392516451
2473CA,156913.687048,97645.39286562933
2229CA,10.0,9.294410976972815
2930CA,15.0,10.603177921951369
2484BA,174.0,131.30453152103883
1130AA,620.0,1485.2601162932551
2170BA,12.0,8.758071187078594
3404CA,26.0,59.38122657121387
1206BA,481.68044934,334.7522659390903
1283CA,4.0,3.7203006079044525
1295CA,2.291267135,3.6663805939819327
2013AA,1028.0,808.9158872357756
3025CA,12.0,8.880692345433413
2229CA,16.0,9.409413505654594
1379CA,67.0,65.50467447220878
2053BA,7.0,15.345793163292294
1945AA,1.0,3.6663805939819327
2342CA,300.0,34189.02955956055
1582CA,12.629586731,9.418651317341919
2315BA,38.0,1275.2190859686903
2229AA,1.0,8.71748984529112
1379CA,30.0,59.20526135807631
3075BA,124.6768847,120.14709158867753
2484BA,1124.0,888.240778732781
1382CA,67.0,69.91218712360255
2548CA,28.656762717,41.27254552861516
2956AA,158.0,76.89968208123737
2977BA,17.0,18.302989517307267
2539AA,30.975717727,48.03289248471593
1695CA,9.0,8.498181172888158
1764AA,29.2810632,30.112748395892286
2016CA,135.0,130.62372592909236
3413AA,2.0,22.095547448811814
3533CA,53683.0,37530.73777936269
3579CA,116.0,43.62872885168063
1624AA,2.0,9.36883216386712
2473CA,38760.054247,70802.26754342734
2564BA,64.0,174.46064356672963
2498BA,4.0,3.7203006079044525
3407CA,46.0,21.94653408545199
3038BA,2.944684872,3.6663805939819327
2044CA,29.0,26.33081789519045
2763CA,1316.0,1833.763499760018
1902BA,13.32081305,16.713895145913547
3143CA,192.0,132.43979794759358
3404CA,20.0,22.349814712748753
2365AA,62.238794514,43.4695209755463
2277AA,248.0,281.71491079474606
1970CA,3311.0,2908.1409996762286
2729AA,53.0,73.21768968417085
1224AA,328.0,386.5980295157608
1624AA,9.0,8.471974884223226
2488CA,458.0,308.6274904695707
2548CA,32.084862835,40.84711781587698
1244AA,10439.3027987,16159.186084138324
3365CA,10.0,10.186765288525114
1907AA,12.0,4.676885619628754
2935BA,101.0,54.22758588261952
1266CA,1.0,3.6663805939819327
3125AA,4.0,42.598163042874376
3556AA,54.0,41.140325737827204
1161AA,663.0,660.536718819054
1390BA,46.504512128,49.86463441159287
2291AA,697.0,1293.5568332573596
2396CA,1450.0,1975.8968888316126
1681CA,529.857715752,463.89685232280965
3551CA,5359.0,5217.824876940409
1441AA,10.0,3.75959690779684
1672AA,40.984545754,41.781137531931826
3551CA,2213.0,1396.7767256227971
1126CA,14848.0,20110.153806066166
1497CA,325.0,168.34680664691575
1116CA,16668.0,13818.479316076888
1745BA,34.73541984,23.13301361892755
1766CA,41.72383011,39.314940846896185
2564BA,240.0,318.84486917302803
3533CA,10300.0,17938.6194635023
3193AA,8.0,38.49244317550381
2096BA,10.0,8.871454533746089
1851CA,10.827489342,8.921273687220888
2930CA,15.0,18.093437845267797
1130AA,1423.0,1097.6001991519502
2814BA,133.0,368.375769654692
2189CA,10.0,9.935837503809871
2606AA,27.0,12.689507662834353
2212AA,3.0,3.7203006079044525
2621AA,79.0,64.87921675039802
2803BA,8.0,112.4503170003592
1586CA,2.0,16.713895145913547
1379CA,47.0,64.18691626595421
2487BA,13.0,9.935837503809871
1390BA,33.89194616,42.420468390740396
2227AA,3.0,9.041238900164343
2953BA,470.0,413.6437767517645
1379CA,47.0,102.56797473895357
1224AA,25.0,50.013515603356055
2189CA,60.0,43.26959121724457
1130AA,2679.0,1878.2577403635817
1244AA,41608.7417358,35785.74221166624
2054CA,2.0,4.320261011820552
2418CA,26024.182552,12462.496368613973
1126CA,4104.0,16236.291865349565
3423CA,13.0,8.921273687220888
1265CA,1.0,3.6663805939819327
2117BA,268.68199062,219.6738505306716
2060AA,10.0,18.53890693609155
3025CA,2.0,3.6663805939819327
2606AA,12.0,15.952435456446471
2670CA,2.0,15.12195754165821
1315BA,37.871314469,40.69420274612775
2170BA,11.0,58.00755713139279
1741BA,9.525457744,15.215791288242931
1601AA,6.0,8.758071187078594
3025CA,2.0,3.6663805939819327
3448CA,235.0,305.60710027533
2661CA,14.0,158.0318133312703
3502BA,137.0,123.1697314032947
2317CA,1824.0,2151.139370108316
3007CA,20.915212627,16.33138932871042
2673BA,977.0,1100.8024168550844
3590BA,12.0,24.000921395793462
1497CA,1665.0,1427.07059389048
1994AA,177.0,302.223248562151
3264CA,98.037849374,107.65757908452602
3125AA,5.0,8.498181172888158
2293AA,434.0,482.2891790615342
1964BA,38274.0,29308.110825349657
2016CA,365.0,409.88577321934105
3249CA,38.333329309999996,65.15392137821205
1265CA,2.0,3.6663805939819327
2315BA,479.0,314.41267503299116
1325AA,59.166626963,43.104487319378684
2938CA,10.0,16.6366087876144
1630BA,3.0,3.892840392516451
2078CA,3.0,3.7203006079044525
2331CA,321.2,1363.5118655951408
3423CA,19.0,16.484254407784057
1317BA,62.154213891,43.62872885168063
1964BA,1643.5,6597.50677888889
3358BA,10.0,8.471974884223226
1921AA,3.0,3.6663805939819327
2096BA,5.0,3.7203006079044525
2212CA,44.0,18.608208976211248
1819AA,34.912644705,40.93373615147698
1330CA,2.0,3.6663805939819327
1979AA,202.0,165.36268898496945
2336BA,752.01681678,959.5254165978964
1741BA,15.695678444,20.207637171681114
3084CA,15.0,8.758071187078594
2291AA,3237.0,5379.5601931584415
1681CA,50.140547121,67.69529435534604
1695CA,9.0,4.676885619628754
3462AA,50.0,501.8973988475091
1126CA,9503.0,6871.958717193251
2041CA,34.0,25.99998078565058
1994AA,20.0,115.64923945122057
2337CA,1250.0,1054.4257356789128
3423CA,24.0,20.075469232498577
2573CA,150.40152831400002,194.73912681331322
2277AA,48.0,119.12512650343766
3404CA,45.0,45.369214870794025
1511CA,102.0,71.06543751378643
1842BA,8.37140561,8.830873191958615
1630BA,1.0,3.892840392516451
2143AA,20.026744799,18.251938051577245
1708AA,12.0,4.320261011820552
2336BA,1334.1594898,1480.403886637569
2458CA,22207.2876198,24634.657660937784
2336BA,1083.58480573,1211.0843760031419
2956AA,69.0,50.24831412092564
1126CA,47529.0,28355.139823140365
1077CA,22038.0,25229.122469212707
2039CA,8.0,9.935837503809871
2935BA,105.0,65.73206705016413
1367CA,3.004028808,3.6663805939819327
1317BA,72.527097708,45.57821368960299
3616CA,26.0,9.5260202895818
2142CA,48.0,18.024687525695374
1624CA,10.0,15.76797204731151
1308BA,22.29259207,20.118919324088605
2994CA,2.0,3.7203006079044525
3420AA,12.0,15.353390481467322
3461CA,98.0,100.64861692633436
3249CA,27.490144036,25.20407319426339
3512AA,9569.0,13235.813143998794
3570CA,4.0,53.75286980064715
2766AA,536.0,510.3790761000144
2039CA,6.0,4.422662119768752
1695CA,14.0,9.433186569415476
2548CA,8.869714377,3.7203006079044525
3193AA,21.0,15.109500073893715
1907AA,8.0,15.701897443365606
1511CA,28.0,17.560189050821222
2673BA,560.0,1194.0543268835747
2170BA,437.0,330.6981393841329
1116CA,27684.0,25396.223096741334
3365CA,96.0,67.13339862949405
3462AA,510.0,452.5522764871319
1876AA,14.963459515,9.418651317341919
1321BA,49.771964322,42.57743534075842
1083AA,6600.0,6820.083562759828
1390BA,30.191621182,43.72715458703938
2041CA,38.0,33.42086132054292
2956AA,136.0,127.11698824739474
3495CA,94.0,100.43561439694206
2573CA,728.461459987,522.5424404796087
1992AA,50.0,313.7060011200254
1420CA,20.347986087,9.108026530616748
1390BA,48.154559078,41.887441715090105
1766CA,41.30303588,48.03289248471593
1206BA,1349.979086422,1102.0854957760196
2016CA,1105.0,1014.1829470711767
1281BA,9.379049059,8.471974884223226
1681CA,141.056221089,183.08014329591057
1497CA,756.0,1429.7681816347672
3079BA,614.0,573.6306381109615
3420AA,18.0,9.346663355351666
2315BA,166.0,173.4793484857069
3084CA,9.0,8.471974884223226
1234BA,291.0,226.62941800067767
2189CA,18.0,16.807829908980402
1990AA,755.0,422.43170758612337
1811CA,46.856323654,22.822735939886893
2847BA,573.0,453.34865929441895
3404CA,54.0,42.98664041516209
2632AA,51.0,241.15956053585938
3462AA,100.0,78.11743925181864
2170BA,14.0,15.1945410410306
1970CA,690.0,471.03690536184035
2729AA,241.0,160.16045635146563
2483BA,33600.0,25766.657010672836
1956CA,4.0,3.7203006079044525
1956AA,6.0,9.294410976972815
3570CA,150.0,70.61187036152532
1130AA,2442.0,2108.5435086103894
1464AA,8.0,12.582138690594475
1403CA,16.049456471,8.921273687220888
1650AA,40.0,72.46688816068458
1947CA,37.492843692,42.94527944324436
1811CA,64.91466444400001,43.4695209755463
3494AA,380.0,259.74538110815394
2189CA,3.0,8.94747997588582
3180BA,39.95367122,59.97753384974503
1695CA,5.0,8.431393542435751
1367CA,2.927910593,3.6663805939819327
2096BA,8.0,35.287781321747524
3576BA,87.0,94.82360494974951
1499CA,1.0,8.431393542435751
1586CA,21.0,8.988061317673294
2054AA,10.0,8.880692345433413
2956AA,43.0,112.72048271758963
2234AA,2.0,3.6663805939819327
2867AA,226.0,187.04462235084992
3512AA,59474.0,46152.76537502641
1283CA,8.589905529,8.431393542435751
2513CA,9.0,9.346663355351666
3533CA,200.0,413.450301873078
2223AA,2.0,3.7203006079044525
2565CA,453.320566168,717.9893541961178
3462AA,3637.0,2869.9252562454144
2953CA,12.0,13.465671974235118
1390BA,16.625318244,8.94747997588582
2953CA,9.0,4.320261011820552
1193BA,63.0,314.9318377089097
1499AA,1135.0,979.0329914793429
1907AA,5.0,4.676885619628754
3556AA,26.0,42.38536473310923
1486CA,16.0,14.517681830045325
3250CA,1975.0,1810.2402779422252
1514BA,12.0,3.892840392516451
1083AA,23282.0,24513.47995599983
3160BA,43.0,23.09812455006407
1206BA,518.431834614,469.66881327142704
1488CA,45.611410408,43.78713969342897
3160BA,7.0,33.9005228791036
2672BA,9.0,15.68690675361221
1497CA,2104.0,1963.9190520528637
2143AA,16.643974193,15.485961663150897
2096AA,37.383735637,41.2892069295904
1956CA,5.0,3.7203006079044525
3365CA,3115.0,1653.190803230754
3178CA,2.67718511,8.71748984529112
1479CA,65.0,66.49636587524745
2267CA,210.80977108599998,178.89767302124372
1497CA,743.0,734.37267099001
1819AA,42.958468040999996,40.007178228605945
1819AA,7.945598111,15.85668989490402
3125AA,17.0,16.50057763527717
1624AA,11.0,8.991419746689544
2342CA,251.0,665.5609546525916
3404CA,12.0,15.73113067456682
3132BA,1.0,3.6663805939819327
1992AA,5.0,43.234722457976716
1317CA,5.0,3.7203006079044525
1826AA,57.774049361,62.77457803488853
3075BA,27.213499671,74.80647779237756
3177CA,202.5,132.94017199178018
3512AA,19123.0,11496.901179677558
3358BA,8.0,9.433186569415476
1296CA,38.624754216,41.02189495547164
1993AA,674.5,2918.207584835753
1196AA,15.422279633,29.203418501424494
1967BA,2880.0,2772.333535644775
3160BA,25.0,24.52395716568701
2060AA,3.0,8.60535971170119
2277AA,759.0,1169.6211108735429
3126BA,40.489980629,42.73321069189313
1801AA,84.155403475,66.22604115404336
1126CA,48725.0,36584.43652190219
1624AA,17.0,9.108026530616748
3125AA,35.0,17.51826723858999
2143AA,2.360753083,12.306727901238933
1434BA,58.838935841,31.59396657754094
2371CA,64872.7110429,77988.68325986076
3502BA,17.0,9.032001088477019
1584BA,12.100197574,15.210675389250719
3619CA,28649.0,26778.684927249426
1907AA,4.0,3.6663805939819327
3619CA,6188.0,9985.202448406199
2016CA,52.5,549.4586137218918
1464AA,21.0,17.1233219462708
1882CA,1.0,3.6663805939819327
1582CA,3.3108650920000002,4.320261011820552
1265CA,1.0,3.6663805939819327
2227AA,60.0,23.781535527162966
2953CA,4.0,3.892840392516451
2484BA,65.1,57.22160936256703
1315BA,36.861989083,31.36530787037253
1283CA,0.036414247,3.6663805939819327
2876CA,17.0,38.714450525552884
1499AA,173.0,326.6461256803903
2317CA,17266.67,20171.692033838986
1130AA,2194.0,2210.863042435334
1672AA,32.839866723,18.24368685190074
1624AA,15.0,18.05042219831424
2487BA,11.0,9.935837503809871
2236CA,1.0,3.7203006079044525
1317CA,1.0,3.7203006079044525
1499AA,617.0,1094.12195464861
3075BA,121.189213627,69.19393791282943
1767CA,15.151113548000001,41.20008581909224
1624AA,21.0,15.800432714686517
1295CA,5.287054212,6.006407651534359
2632AA,649.0,478.6024171621019
2508BA,5.0,3.892840392516451
2449CA,28.250765529,27.406779331037924
2673BA,569.0,647.3110176788031
1366BA,2.0,3.6663805939819327
1584BA,9.190380411,14.390407259351582
1464AA,37.0,22.865353345887147
2039CA,27.0,43.95142525001662
1571AA,45.582534916,39.796104491893196
2840AA,47.0,412.96430446301855
2212CA,13.0,10.310417230164147
2336BA,2873.855087282,2359.654716787773
2267CA,3.016219327,3.9318668052892196
1906CA,9.0,4.676885619628754
2227AA,40.0,41.77736057012267
3404CA,52.0,67.89380737795368
1571AA,5.676224814,14.633268709532226
2548CA,10.897100434999999,22.822735939886893
3271CA,1.442634405,3.6663805939819327
3126BA,50.690219114,45.369214870794025
2317CA,30.0,791.1611755608294
1908AA,1.0,3.6663805939819327
1830AA,47.500419594,31.456259626058664
1224AA,539.0,565.4766803664589
3239AA,77.596179703,69.60558223854136
3053AA,68.0,111.6324746125005
2331CA,592.0,383.088431234698
1764AA,26.918584028999998,30.16716922265543
3178CA,13.36032048,9.895600947643741
3016BA,8.842020408,8.60535971170119
2604CA,5.0,157.08874363069376
2115CA,6.0,8.631566000366123
3610AA,28.0,12.622720032381947
1366BA,1.0,3.7203006079044525
1373BA,57.405847246,42.684996580927674
1196AA,22.634260947,15.85668989490402
3378CA,250.0,341.8251813503213
1206BA,224.52419294999999,316.1790452752973
2473CA,31811.13746007,24819.990917094285
2501CA,2841.0,4611.361471931147
3006CA,51.591233832,41.887441715090105
3619CA,700.0,1423.1981061153224
1956AA,2.0,3.6663805939819327
3365CA,2928.0,2527.220143598845
2016CA,709.0,1082.1835021184968
2143AA,64.981859158,43.62872885168063
2766AA,353.0,960.4485065738137
3143CA,29.0,16.696915046836676
1798AA,2.826241605,9.895256162022397
1083AA,4598.0,4092.334741656866
3250CA,325.0,1133.6676782679579
1366BA,3.0,3.6663805939819327
2564BA,98.0,83.65750097424524
1445BA,23.0,10.643759263738845
1964BA,962.5,1379.0616716701904
1681CA,184.671051833,135.15272269113947
2013AA,337.5,412.70094033613185
1367CA,6.202264941,8.631566000366123
1826AA,68.423562235,59.628401754092295
2396CA,600.0,564.6884177711745
2044CA,44.0,43.11038334111024
1764AA,12.750829945,13.700958237351047
3420AA,44.0,24.039247335678105
3160BA,34.0,98.22273594237011
1964BA,1525.0,1291.0276779743706
1499AA,1162.0,1119.507073348971
2212CA,7.0,14.633268709532226
1479CA,17.0,37.405954223434286
2449CA,26.155148026,17.924035645043322
2515BA,226.0,161.38383916123635
3512AA,8500.0,12520.26321095593
2054AA,16.0,8.538762514675632
3180BA,96.360408717,86.42591506961145
1436BA,1.0,12.648926321046881
2785BA,626.0,529.2511909556188
1741BA,27.930805179,18.3826173403305
3160BA,43.0,23.322111195924766
2498CA,4.0,3.7203006079044525
1672AA,44.743067327,44.55330101510725
3249CA,64.956638491,103.8306485471282
1224AA,423.0,287.2276440660426
1979AA,57.5,24.477607488488456
1403CA,9.182150527000001,8.871454533746089
1830AA,25.770460895,42.91241671172949
1077CA,6588.0,6669.024628050175
3250CA,1895.0,1538.2972779443787
3193AA,74.0,75.60007364192393
1584BA,23.03312651,12.141962549223727
1281BA,9.63237491,8.564778369913716
3448CA,317.8,255.82810960336067
1468AA,54.391907563000004,42.04664959122443
3533CA,64500.0,44735.09556119703
3143CA,10.0,24.785530936133583
3205AA,8.905866064,8.60535971170119
1971AA,167.5,600.6593525782432
2291AA,437.0,690.3719818231565
1995AA,551.5,430.0340395625735
3006CA,39.573756271,42.278510956955515
2621AA,1768.0,1315.3149615014056
2336BA,826.0,1160.0031480899283
1468AA,46.040582913,40.007178228605945
1382CA,10.0,9.935837503809871
2170BA,2.0,16.79431398318363
3193AA,12.0,24.467095970648142
1571AA,16.027494091,40.6981670596104
1811CA,9.771150319,8.60535971170119
2200CA,4.0,8.830873191958615
3423CA,7.0,9.306082013564192
2814BA,623.0,505.15327994148635
3576BA,38.0,19.025789822209425
2342CA,210.0,135.21499730155395
1484BA,2.0,3.6663805939819327
2331CA,1233.0,1277.1840894198021
1374CA,55.813682896,24.833713457874037
3462AA,100.0,248.86356885918053
1145BA,170.0,195.9951032544057
1967BA,3244.0,2054.2277471213274
2673BA,1400.0,1106.471891450594
1630BA,10.0,8.471974884223226
3250CA,1220.0,910.9427011382501
1367CA,3.918842122,4.422662119768752
1842BA,3.657986295,3.6663805939819327
3084CA,4.0,8.830873191958615
1497CA,385.0,554.8620534250031
1681CA,338.855192785,242.2273212622548
1678CA,14.959581677000001,19.70579574841224
3205AA,1.0,3.6663805939819327
2573CA,179.134318917,205.73997050347458
2348BA,1.0,3.6663805939819327
3399AA,56.0,40.233785581694804
1295CA,4.083706454,3.75959690779684
1624CA,2.0,3.7203006079044525
1283CA,6.0,3.6663805939819327
2212CA,11.0,8.880692345433413
2200CA,84.0,64.37918111916329
3084CA,13.0,17.28017086112854
2970CA,1.0,3.7203006079044525
2255CA,1.0,6.006407651534359
1077CA,9254.0,15734.10432584209
1374CA,57.303018334,61.37939735709543
2143AA,33.015446906,39.40036569517522
2277AA,1794.0,1939.544043919844
1678CA,37.185111403,40.93373615147698
1992AA,479.5,416.10651148256244
2223AA,2.0,26.443975811564105
1484BA,2.0,3.6663805939819327
1116CA,1000.0,3406.6963914323715
2673BA,2737.0,3211.144874581903
2223AA,6.0,3.75959690779684
3075AA,2.0,3.6663805939819327
1921AA,2.0,15.12195754165821
2498BA,4.0,3.6663805939819327
1801AA,14.714293301,9.418651317341919
1479CA,21.0,16.6366087876144
3358BA,13.0,8.471974884223226
1385CA,56.0,31.302543899974754
3556AA,2.0,8.431393542435751
1403CA,6.0,3.7203006079044525
2867AA,117.0,112.45596031416653
1126CA,823.0,8918.315316393015
2422BA,7812.5889638,6457.563535249396
1712AA,45.960484318,39.586047520142145
3132BA,1.0,18.786147215162444
1678CA,35.773211071,41.10744163074927
3025CA,8.0,4.676885619628754
1945AA,1.0,3.6663805939819327
1766CA,110.963592742,70.07427769833244
3576BA,44.0,43.27745036789712
3556AA,254.0,181.8752086716353
1403CA,2.688809293,3.7203006079044525
2336BA,615.5515915000001,433.1606313813483
2229AA,6.0,4.422662119768752
2054AA,3.0,16.713895145913547
3138CA,4.0,17.595553596889136
2876CA,19.0,39.70040176518589
2326CA,348.0,300.89596572667256
3448CA,226.0,161.94886322185795
2606AA,2.0,3.7203006079044525
1479CA,37.0,43.4695209755463
1486CA,12.0,8.538762514675632
2267CA,43.612779327,43.104487319378684
3556AA,42.0,20.578011730377266
2418CA,50708.643148999996,32246.98498779471
1379CA,76.0,65.08800119389751
1681CA,119.693455533,127.35157720061144
1902BA,42.638181151,41.45696938197546
3533CA,9350.0,12396.72257919005
3079BA,78.0,271.1711263913301
3576BA,27.0,17.73014297159297
2763CA,3282.0,2656.0054482737037
3413AA,11.0,22.822735939886893
3413AA,98.0,71.83495407195215
3461CA,71.0,42.57743534075842
2938CA,1.0,8.784277475743526
1708AA,3.0,3.7203006079044525
2021CA,103.0,90.06187809767458
1994AA,760.0,668.0538239585887
3249CA,73.047601042,104.72436136493505
3239AA,29.269058583,17.629491090940917
1827AA,14.433312926000001,15.663450056866898
2342CA,306.0,1435.9803538936023
2227AA,1.0,8.431393542435751
2291AA,19421.0,16208.275001377131
1811CA,50.382258806,63.57462658197248
3178CA,8.823392365,8.880692345433413
2484BA,98.0,69.56678374398707
2053BA,4.0,40.7463193441233
1499AA,403.0,334.2855372072907
3448CA,281.0,210.50529537589063
1906CA,17.0,9.081820241951817
3610AA,59.0,68.38740506336894
3079BA,4149.0,3814.3744406233136
1745BA,27.316588913,17.698444009162575
2930CA,19.0,30.861275948850533
3616CA,4.0,3.6663805939819327
1296CA,14.002673189,29.71063808345234
1382CA,15.0,39.0517902720714
1811CA,32.49870007,26.424357340648566
1811CA,36.326492942,41.10744163074927
1281BA,7.480311129,4.0788584095070215
1321BA,19.376227486,29.203418501424494
1716AA,11.0,3.892840392516451
3177CA,622.5,546.4790212032987
1403CA,6.603692700000001,3.6663805939819327
2291AA,278.0,548.840459623502
1206BA,190.91268427400001,385.0628525355254
1468AA,52.845572961,57.37063539420205
2229AA,7.0,8.880692345433413
2498BA,15.0,8.538762514675632
1497CA,4712.0,4340.097465138142
2847BA,768.0,581.9182657066397
1971AA,167.5,130.86122731243466
3027CA,3.0,3.6663805939819327
1420CA,62.107192494,43.78713969342897
3027CA,1.0,3.6663805939819327
2013AA,2602.5,2289.689500882688
1009AA,960.0,708.9729707593297
1486CA,33.0,43.12856917613394
2876CA,15.0,17.595553596889136
2096AA,12.794523228,42.94527944324436
2391CA,187239.7663407,158699.95840480475
1321BA,23.578417621,16.202234476228174
1990AA,215.0,123.55484518486134
1764AA,41.383875935,40.85737493574472
2508BA,5.0,3.7203006079044525
2170BA,11.0,24.785530936133583
1582CA,8.905152492,16.493847461761693
3407CA,2.0,4.676885619628754
1695CA,5.0,3.7203006079044525
3399AA,1.0,3.7203006079044525
3143CA,38.0,32.3780295640891
2054CA,6.0,15.85668989490402
1990AA,55.0,107.0063470539225
1994AA,16.0,31.73715903664697
3533CA,42907.0,63975.703019564804
2840AA,5693.0,6025.2606210928225
1325AA,42.558492215,41.63168316305123
1281BA,9.944013215,4.320261011820552
1826AA,68.411112557,61.334185889725134
1830AA,23.658865217,41.6219296557975
2220BA,6.0,3.7203006079044525
3053AA,104.0,105.56821998014141
2621AA,6.0,3.892840392516451
1819AA,34.23528928,30.238682637188877
3138CA,58.0,73.69791732044558
1382CA,32.0,38.412861342244916
1479CA,76.0,68.56592198100019
2143AA,41.416884064,23.860795301887414
2876CA,2.0,8.431393542435751
1698CA,49.543188724000004,43.62872885168063
3249CA,88.583536209,95.29590566928908
3193AA,33.0,18.40364139795932
1385CA,200.0,160.76827666725
1964BA,80.0,311.21623569974196
1766CA,27.311682991,24.833713457874037
1624CA,9.0,15.02133165235485
